name,price,description,category,image_path
Practical Steel Shirt,358.0,Dolorum saepe non voluptas consectetur quisquam blanditiis cumque minima repellendus.,"Electronics, Sports & Movies",media//fuga.png
Heavy Duty Silk Shirt,500.0,Facilis magni hic dolor debitis exercitationem et voluptatem consequuntur voluptatem.,"Beauty, Toys & Outdoors",media//quia.png
Gorgeous Granite Wallet,382.0,Dolore natus quia non vel officia nihil molestiae omnis et.,Baby & Books,media//ea.png
Fantastic Leather Watch,256.0,Ea qui quaerat qui sunt nostrum rerum debitis vel voluptatem.,"Toys, Home & Grocery",media//esse.png
Practical Iron Bench,301.0,Unde nam adipisci et rerum voluptatum nihil dolorem minima deleniti.,Books,media//fugiat.png
Спеціальний товар,999,Це тестовий опис,Вітаміни,media/vitamins/special_item.png
